,timestamp,strike_price,put_symbol,put_delta,put_gamma,put_theta,put_vega,put_implied_vol,put_open,put_high,put_low,put_close,put_vw,put_volume,call_symbol,call_delta,call_gamma,call_theta,call_vega,call_implied_vol,call_open,call_high,call_low,call_close,call_vw,call_volume,underlying_price,distance_from_price
0,2023-10-16,436.0,O:SPY231017P00436000,-0.48294435307770495,0.12302220464692003,1.52637721806704,10.948106010207328,0.11795147257188676,3.16,3.24,1.07,1.23,1.6076,105784,O:SPY231017C00436000,0.5149394779224389,0.10420327754493466,26.708602824558014,10.950437519267702,0.13928295469869098,0.96,2.45,0.9,1.59,1.7126,135156,436.04,0.040000000000020464
1,2023-10-16,437.0,O:SPY231017P00437000,-0.6094527588300436,0.12382499830600706,1.77835321592163,10.543068608560985,0.11285130376026595,3.87,3.94,1.48,1.72,2.0316,49268,O:SPY231017C00437000,0.407028995055839,0.10647416627664709,22.206191868096063,10.659193339723808,0.13268687638592647,0.6,1.85,0.6,1.06,1.2718,106105,436.04,0.9599999999999795
2,2023-10-16,435.0,O:SPY231017P00435000,-0.36656361003110927,0.11252515995810328,1.2275207200538105,10.339289077030859,0.12178363082014858,2.56,2.65,0.76,0.84,1.3341,115633,O:SPY231017C00435000,0.6127276451247708,0.09569556122841233,30.143345166762323,10.517686860645341,0.1456720800695765,1.4,3.16,1.28,2.22,1.9882,66401,436.04,1.0400000000000205
3,2023-10-16,438.0,O:SPY231017P00438000,-0.7381330905025208,0.11164052070631515,1.9305444125938696,8.942487142594334,0.1061657298733413,4.6,4.72,1.99,2.32,2.6469,14589,O:SPY231017C00438000,0.3001401332068515,0.0982509379291643,17.589841250896292,9.552416948129125,0.12886187444139616,0.4,1.33,0.37,0.67,0.867,60311,436.04,1.9599999999999795
4,2023-10-16,434.0,O:SPY231017P00434000,-0.270696928466168,0.0942400484669623,0.99462213463097,9.09386171470439,0.12789710786189096,2.06,2.11,0.53,0.58,1.0585,129342,O:SPY231017C00434000,0.6964761173196803,0.08355462068970405,32.587499260709606,9.60066828823133,0.15229262466510224,1.89,3.88,1.77,2.94,2.5264,24385,436.04,2.0400000000000205
5,2023-10-16,439.0,O:SPY231017P00439000,-0.8653073054725217,0.08383879462874934,1.8241224800705815,5.95448028848561,0.09413404370776486,5.09,5.4,2.63,3.04,3.3362,2709,O:SPY231017C00439000,0.20696620227939883,0.08192449519363389,13.192044948317958,7.848654299022764,0.12697824066380084,0.25,0.91,0.22,0.4,0.5302,32317,436.04,2.9599999999999795
6,2023-10-16,433.0,O:SPY231017P00433000,-0.19380637550947705,0.07527887255691854,0.7652686427446591,7.544901250234891,0.13283983660303048,1.59,1.68,0.36,0.39,0.8836,64437,O:SPY231017C00433000,0.769880229803701,0.07102133611127746,33.410565085352616,8.343016826209231,0.15569768667823994,2.45,4.68,2.3,3.7,3.1009,6229,436.04,3.0400000000000205
7,2023-10-16,440.0,O:SPY231017P00440000,-0.9681090873844784,0.03445488954054516,1.4020724420036856,1.96595003971879,0.07562571503475017,6.1,6.16,3.35,3.85,4.1929,1876,O:SPY231017C00440000,0.1319368905234959,0.062149940118217624,9.11232570345997,5.87039194410245,0.1251913327245694,0.14,0.6,0.12,0.21,0.3249,47827,436.04,3.9599999999999795
8,2023-10-16,432.0,O:SPY231017P00432000,-0.13293381002934906,0.05743890666887718,0.549909563878964,5.900923081325618,0.13616380150732424,1.25,1.33,0.24,0.25,0.6187,58580,O:SPY231017C00432000,0.8182698473688108,0.05753731196125094,35.33234485342325,7.250932644639347,0.1670291154375592,3.09,5.55,2.97,4.57,4.0152,3766,436.04,4.0400000000000205
9,2023-10-16,441.0,O:SPY231017P00441000,-0.9999999998945478,8.993399307869782e-10,0.41166696006264303,1.883805838378735e-08,0.02776260031653374,6.42,7.05,4.24,4.72,5.1329,552,O:SPY231017C00441000,0.0802848592781048,0.04328813575911645,6.073510588224103,4.09454119444902,0.12536729077213457,0.09,0.4,0.06,0.11,0.1954,25700,436.04,4.9599999999999795
10,2023-10-17,436.0,O:SPY231018P00436000,-0.488049481449032,0.09394107572705485,2.6232745845374357,10.95270257620837,0.15454447553270728,3.83,4.15,0.91,1.64,1.8447,66925,O:SPY231018C00436000,0.514740102784445,0.12459150373498719,22.04097391900043,10.950139000488766,0.11649812195842923,0.78,3.07,0.72,1.33,1.5027,92925,436.02,0.01999999999998181
11,2023-10-17,437.0,O:SPY231018P00437000,-0.5808487771013698,0.09149176420972963,3.1707054474263057,10.731825870380597,0.15548171951640272,4.63,4.91,1.22,2.19,2.0364,42134,O:SPY231018C00437000,0.39179452395665837,0.11981849859806096,18.720281665914435,10.552049637591008,0.11673488822903154,0.54,2.39,0.48,0.88,1.174,124106,436.02,0.9800000000000182
12,2023-10-17,435.0,O:SPY231018P00435000,-0.3954300989534599,0.09051309933428583,2.1291027916968934,10.579002818520081,0.1549248257231285,3.12,3.45,0.67,1.2,1.5231,105388,O:SPY231018C00435000,0.6386877476235633,0.11880958611766344,24.20491156272133,10.288626686472028,0.11478724860170895,1.1,3.81,1.02,1.88,1.8047,112406,436.02,1.0199999999999818
13,2023-10-17,438.0,O:SPY231018P00438000,-0.6668360276249263,0.0839360571462991,3.756601364423309,9.984873290726389,0.15768185231362433,5.42,5.65,1.62,2.84,2.5227,19896,O:SPY231018C00438000,0.2800907922223129,0.10448991514060632,14.93592976384116,9.24737823898566,0.1173091707449661,0.33,1.79,0.32,0.55,0.9425,77010,436.02,1.9800000000000182
14,2023-10-17,434.0,O:SPY231018P00434000,-0.3110244866490638,0.08166231507066919,1.7257855110653315,9.703978175708933,0.15751279684809066,2.51,2.85,0.49,0.87,1.2773,127822,O:SPY231018C00434000,0.7489169800547394,0.10069553149017166,25.672381431504995,8.748280246492516,0.11515961600536616,1.54,4.62,1.4,2.57,2.2263,45269,436.02,2.019999999999982
15,2023-10-17,439.0,O:SPY231018P00439000,-0.7357775126005569,0.0720933517623851,4.556683605866684,8.983095950172766,0.1651651974634017,6.29,6.44,2.11,3.61,3.0605,6478,O:SPY231018C00439000,0.18717083200812396,0.08318438399622216,11.071661980456852,7.384876956268863,0.11767634705203182,0.21,1.29,0.2,0.32,0.6336,48579,436.02,2.980000000000018
16,2023-10-17,433.0,O:SPY231018P00433000,-0.23529197817563885,0.07069093409636676,1.3167810020935655,8.446336641833938,0.15837709989211587,2.08,2.33,0.35,0.6,1.1506,81438,O:SPY231018C00433000,0.8513951202749672,0.07723539621605838,25.39207642837662,6.364266758366159,0.10922441205858949,1.99,5.57,1.85,3.31,2.658,27105,436.02,3.019999999999982
17,2023-10-17,440.0,O:SPY231018P00440000,-0.8016713315906429,0.0612970188866495,5.003583044535663,7.650851331837606,0.16544670758250113,7.2,7.54,2.75,4.39,4.6215,4713,O:SPY231018C00440000,0.12090623029593733,0.06093412393322069,8.030883010472657,5.523638080273742,0.12015790927676455,0.1,0.88,0.1,0.17,0.3607,54626,436.02,3.980000000000018
18,2023-10-17,432.0,O:SPY231018P00432000,-0.1706785897110898,0.05820974383056996,0.9568877870320343,6.9682994606125686,0.15867877448756929,1.63,1.85,0.25,0.4,0.8519,76567,O:SPY231018C00432000,0.9725709677740543,0.029357664661844047,22.967741840548616,1.7347053044293845,0.07832347012789444,2.54,6.25,2.4,4.08,3.2007,7032,436.02,4.019999999999982
19,2023-10-17,441.0,O:SPY231018P00441000,-0.8355429341195229,0.04999547143682947,6.19311588692581,6.803593067836334,0.18038290701359513,7.95,8.38,3.45,5.3,5.1282,984,O:SPY231018C00441000,0.07096626223518716,0.04106530861938901,5.1639256641194455,3.7269659616850097,0.12030067245322207,0.06,0.57,0.06,0.08,0.2342,25096,436.02,4.980000000000018
20,2023-10-18,430.0,O:SPY231019P00430000,-0.46640617255637784,0.10767598808096768,1.9283420923576315,10.773253657216507,0.13622836939578173,0.86,2.35,0.61,1.33,1.2918,84669,O:SPY231019C00430000,0.5234247177527156,0.07033212140574219,45.73889713797173,10.792965226533457,0.2089424098145254,5.12,5.93,1.68,2.41,2.402,28008,430.21,0.20999999999997954
21,2023-10-18,431.0,O:SPY231019P00431000,-0.5804367429163692,0.11490369204023336,2.0534798504932006,10.591096255476224,0.12550079304162645,1.01,2.9,0.8,1.74,1.6184,84767,O:SPY231019C00431000,0.45129979518730656,0.07241479543083858,41.08920810793626,10.730951037834892,0.2017671426492542,4.43,5.11,1.24,1.85,2.0465,45039,430.21,0.7900000000000205
22,2023-10-18,429.0,O:SPY231019P00429000,-0.36786439592309683,0.09674763162936895,1.6841878720023642,10.213008340159844,0.1437318060752797,0.64,1.87,0.47,0.99,1.0309,63739,O:SPY231019C00429000,0.5870474305856499,0.06390977154373885,52.462088552697296,10.553208992214703,0.22483132106478543,6.09,6.62,2.2,3.13,2.9901,9435,430.21,1.2099999999999795
23,2023-10-18,432.0,O:SPY231019P00432000,-0.7035595873952467,0.10944705796068424,2.171776832915416,9.371625030770847,0.11658705990877079,1.35,3.56,1.03,2.28,1.9696,84105,O:SPY231019C00432000,0.3750527913201553,0.07236559569859362,35.22341519615832,10.276905697895968,0.19336139405311895,3.63,4.35,0.89,1.35,2.0375,65808,430.21,1.7900000000000205
24,2023-10-18,428.0,O:SPY231019P00428000,-0.28518636362271355,0.08305476935032366,1.4330237581807461,9.203563593723647,0.15087975825884622,0.49,1.45,0.34,0.73,0.8089,32583,O:SPY231019C00428000,0.644819941467358,0.058907006832987246,55.81193302758966,10.091178472628721,0.23324614234911067,6.7,7.52,2.77,3.83,4.0475,3198,430.21,2.2099999999999795
25,2023-10-18,433.0,O:SPY231019P00433000,-0.8726107870018194,0.08833425329530192,1.5677410289179114,5.65288142034218,0.08713251942078457,1.78,4.28,1.3,2.84,2.1685,77577,O:SPY231019C00433000,0.3021894022946983,0.06782115276523129,30.245405180562564,9.453635526958003,0.18978995634633583,2.93,3.63,0.63,0.97,1.8354,92569,430.21,2.7900000000000205
26,2023-10-18,427.0,O:SPY231019P00427000,-0.2150786625892378,0.069278554482028,1.1469763562530804,7.920236427588985,0.15566065984293126,0.38,1.1,0.26,0.52,0.5747,23491,O:SPY231019C00427000,0.7007493718216194,0.05451455534371675,55.94527742075429,9.412035524226482,0.23507726116310626,7.7,8.21,3.5,4.52,4.8418,1331,430.21,3.2099999999999795
27,2023-10-18,434.0,O:SPY231019P00434000,-0.9958726717483966,0.008731898692366312,0.7531697892523788,0.3301964551803448,0.05148767211879534,2.12,5.1,1.64,3.6,2.5174,49830,O:SPY231019C00434000,0.23374747473522928,0.060847138333285054,24.789804978460772,8.303482194578955,0.185805959478977,2.43,2.99,0.43,0.66,1.5653,81644,430.21,3.7900000000000205
28,2023-10-18,426.0,O:SPY231019P00426000,-0.15820190725779515,0.05578065073703844,0.8866746036983804,6.545274296309829,0.15976579823407466,0.31,0.83,0.2,0.36,0.4273,26710,O:SPY231019C00426000,0.7538549612468352,0.049600204673147935,54.445158259062836,8.540861282669104,0.23445404947837759,8.53,8.54,4.2,5.25,5.1154,611,430.21,4.2099999999999795
29,2023-10-18,435.0,O:SPY231019P00435000,-0.858910258635418,0.051677506887107316,4.9666215033323855,6.063813402251393,0.15976579823407466,2.6,5.96,2.03,4.35,3.1446,16196,O:SPY231019C00435000,0.17164071047082102,0.05188990371409168,19.13080662537241,6.9002061500066745,0.18105842559340568,1.9,2.39,0.27,0.42,1.1409,104106,430.21,4.7900000000000205
30,2023-10-19,426.0,O:SPY231020P00426000,-0.4629620627390711,0.06631674780842921,5.014793663423538,10.67039470722788,0.22297814828255622,0.7,2.81,0.33,2.14,1.2469,87340,O:SPY231020C00426000,0.5505701670603338,0.09390152335043739,31.01446476073295,10.630398610229278,0.15688519139457568,5.75,6.73,1.87,1.95,2.665,25988,426.43,0.4300000000000068
31,2023-10-19,427.0,O:SPY231020P00427000,-0.5290483754232288,0.06561885224447961,5.880977312441451,10.688191702517111,0.22572551104550434,0.92,3.0,0.43,2.67,1.4753,133527,O:SPY231020C00427000,0.4563867797803298,0.09362380895819189,28.762501425643954,10.652510115905736,0.15767784998516512,4.92,6.26,1.4,1.46,2.2765,38124,426.43,0.5699999999999932
32,2023-10-19,425.0,O:SPY231020P00425000,-0.3776722173817735,0.07660386934659433,2.812066116740838,10.20877688394643,0.18468347831670828,0.54,1.76,0.25,1.31,1.0274,150151,O:SPY231020C00425000,0.6488015407604611,0.09225520865082239,30.86301507799306,9.962220171681055,0.14964778061283404,6.65,8.0,2.41,2.47,3.7247,12971,426.43,1.4300000000000068
33,2023-10-19,428.0,O:SPY231020P00428000,-0.5933326141375431,0.06366449533334995,6.673249777253693,10.421983436023137,0.22686009930079482,1.17,3.36,0.21,3.25,1.7067,140801,O:SPY231020C00428000,0.3639434135571325,0.08937839077105322,25.151118943289653,10.087174459601288,0.15640190591551245,4.2,5.02,1.01,1.04,1.9504,64759,426.43,1.5699999999999932
34,2023-10-19,424.0,O:SPY231020P00424000,-0.33390315971575624,0.0609145552621017,3.586295616082141,9.773803745158599,0.22235534655218753,0.42,1.37,0.19,1.33,0.8225,68264,O:SPY231020C00424000,0.7410981227089751,0.08242117105690215,30.726451310320353,8.694254082913593,0.1461835779067396,7.45,7.9,3.09,3.13,4.2589,5478,426.43,2.430000000000007
35,2023-10-19,429.0,O:SPY231020P00429000,-0.6534381464956572,0.05985672876507124,7.535210996994111,9.913850977301891,0.2295273528393907,1.47,4.02,0.71,3.91,1.9867,110817,O:SPY231020C00429000,0.27775666792442233,0.08044201689918484,20.976027298686898,9.007242443675587,0.1551722086193081,3.47,4.59,0.7,0.71,1.852,74894,426.43,2.569999999999993
36,2023-10-19,423.0,O:SPY231020P00423000,-0.27446558778898356,0.05596478849357118,2.927962573284082,8.954690242069756,0.22173831384555948,0.31,1.06,0.14,1.02,0.5775,42566,O:SPY231020C00423000,0.8184986350301754,0.06765944759509014,30.334095605395632,7.085539502283754,0.14512743379829632,8.39,9.3,3.76,3.9,5.0966,4215,426.43,3.430000000000007
37,2023-10-19,430.0,O:SPY231020P00430000,-0.7037197143212885,0.05405473627217832,8.739306481002231,9.28698130333778,0.23809257854204605,1.86,4.8,0.95,4.68,2.4528,190634,O:SPY231020C00430000,0.20083158530057743,0.06821185474924574,16.4070532833588,7.539262713856356,0.1531701220741101,2.85,3.84,0.46,0.46,1.7071,149732,426.43,3.569999999999993
38,2023-10-19,422.0,O:SPY231020P00422000,-0.21721290075345384,0.050184832162190496,2.238237795304435,7.8956668746744,0.21803257342662705,0.23,0.8,0.11,0.75,0.5009,43176,O:SPY231020C00422000,0.9233443536582324,0.04517261339988697,25.652399286375847,3.8663061218480475,0.11861129849096164,9.3,10.3,4.56,4.6,6.4049,984,426.43,4.430000000000007
39,2023-10-19,431.0,O:SPY231020P00431000,-0.749155013805778,0.04849175879982335,9.813186988836774,8.55157359414158,0.24438983677375334,2.28,5.55,1.3,5.49,2.6091,83142,O:SPY231020C00431000,0.13940797615327605,0.05411709572631591,12.40474066621082,5.961779560493663,0.15266745726020253,2.32,3.15,0.29,0.29,1.4891,130106,426.43,4.569999999999993
40,2023-10-20,421.0,O:SPY231023P00421000,-0.4778655257245596,0.07113713063302904,4.587110741918189,10.568630258146554,0.21104098178352418,1.02,2.25,0.89,2.1,1.61,65969,O:SPY231023C00421000,0.5250514487484683,0.08316772868156304,36.22237823568036,10.564050556771264,0.1804347024286409,5.8,6.25,2.0,2.05,2.8998,15180,421.19,0.18999999999999773
41,2023-10-20,422.0,O:SPY231023P00422000,-0.5491363743666582,0.07098242516114282,5.241020847095802,10.504537888219296,0.21021831775861993,1.34,2.7,1.1,2.61,2.0097,99448,O:SPY231023C00422000,0.44171518103993035,0.08282337676778867,33.50538058344466,10.471758335080276,0.1796019782097569,5.29,5.55,1.53,1.56,2.6914,42765,421.19,0.8100000000000023
42,2023-10-20,420.0,O:SPY231023P00420000,-0.4076378955703199,0.06908778807884942,3.9331234764433125,10.299965469841696,0.2117770615235267,0.85,1.85,0.71,1.66,1.2681,106068,O:SPY231023C00420000,0.6076433184864038,0.08062494329710104,37.533725593547295,10.197236737867694,0.17966253265098606,6.71,7.31,2.56,2.6,3.8727,9168,421.19,1.1899999999999977
43,2023-10-20,423.0,O:SPY231023P00423000,-0.6187383725942088,0.06832435469003886,5.919824585249255,10.112556980251508,0.21024703549472248,1.62,3.2,1.35,3.2,2.3643,123780,O:SPY231023C00423000,0.3613711599442928,0.07839184019600112,30.332180242644547,9.939242501123646,0.18010545432926722,4.55,4.91,1.12,1.16,2.3747,88194,421.19,1.8100000000000023
44,2023-10-20,419.0,O:SPY231023P00419000,-0.3391690011681801,0.0655436585309914,3.2283575361401033,9.712654159615061,0.21049979804164548,0.68,1.51,0.57,1.27,1.0067,33148,O:SPY231023C00419000,0.6851354204730342,0.07424013406255829,38.25903799777756,9.42359691036086,0.18031107035239896,7.63,7.69,3.21,3.24,4.437,1354,421.19,2.1899999999999977
45,2023-10-20,424.0,O:SPY231023P00424000,-0.6860911412034361,0.06414642916452098,6.467807250531298,9.411337656292247,0.2084122812655847,1.91,3.85,1.63,3.84,2.696,75480,O:SPY231023C00424000,0.283374037869914,0.07207638699420857,25.53630370623833,8.983179956029007,0.17704412880796083,3.91,4.2,0.79,0.82,2.0897,89125,421.19,2.8100000000000023
46,2023-10-20,418.0,O:SPY231023P00418000,-0.2780792145404943,0.05941206814058497,2.701580041963712,8.901601816501616,0.2128324924175531,0.59,1.21,0.44,0.98,0.8025,32656,O:SPY231023C00418000,0.7640347962010805,0.0669177373508928,36.22892044494593,8.171926800112256,0.17347130976372452,8.62,8.62,3.89,3.91,5.2295,1195,421.19,3.1899999999999977
47,2023-10-20,425.0,O:SPY231023P00425000,-0.7425784688650988,0.05724429086497127,7.288928093582193,8.561926648200973,0.2124632208164382,2.27,4.61,1.97,4.6,3.0106,58846,O:SPY231023C00425000,0.21317039376939106,0.06278094258468496,20.634534467291715,7.714067159739483,0.17454202951670186,3.3,3.55,0.53,0.55,1.6794,82496,421.19,3.8100000000000023
48,2023-10-20,417.0,O:SPY231023P00417000,-0.21991583406714815,0.052788941387166895,2.10445706007572,7.854371198646075,0.21135518531282493,0.46,0.96,0.33,0.72,0.6267,27019,O:SPY231023C00417000,0.8256140383031,0.05578761322964338,35.3822541728254,6.8241705801316765,0.17376268974000963,9.68,9.68,4.69,4.7,5.5623,475,421.19,4.189999999999998
49,2023-10-20,426.0,O:SPY231023P00426000,-0.8020476634384548,0.05065163495869061,7.505988487400968,7.382158927814645,0.20703051392409744,2.7,5.48,2.38,5.34,3.4141,23609,O:SPY231023C00426000,0.15564931687127637,0.05176282901867509,16.341421033717175,6.33983004569135,0.17398189205544667,2.72,2.94,0.34,0.36,1.3509,69278,421.19,4.810000000000002
50,2023-10-23,420.0,O:SPY231024P00420000,-0.4394659946917263,0.10731399372563784,1.8387552629094106,10.444704327984951,0.13873657268906442,2.53,3.6,0.57,1.21,1.4243,102040,O:SPY231024C00420000,0.5407497137099884,0.0697521411428461,47.04332374910759,10.511409750327585,0.21481004755460997,2.19,5.02,1.53,2.55,2.6798,46969,420.46,0.45999999999997954
51,2023-10-23,421.0,O:SPY231024P00421000,-0.5512881574931566,0.11533379314726562,2.0245583353358647,10.47913917058726,0.12951503923715807,3.04,4.28,0.79,1.61,1.7405,84731,O:SPY231024C00421000,0.4693108222846935,0.07279898161935291,42.21131978450616,10.535300692940574,0.2062874466340925,1.73,4.2,1.19,1.96,2.1978,64950,420.46,0.5400000000000205
52,2023-10-23,419.0,O:SPY231024P00419000,-0.34296575018014086,0.09506630080731204,1.5813872014218484,9.737006098524324,0.14599904525078117,2.07,3.04,0.43,0.89,1.296,62912,O:SPY231024C00419000,0.6044579583886811,0.0642253672442495,52.01584236290738,10.202261767442142,0.22643368530598768,2.73,5.81,1.95,3.24,2.9472,14512,420.46,1.4599999999999795
53,2023-10-23,422.0,O:SPY231024P00422000,-0.6787011080843529,0.11526036673417724,2.0696917466759057,9.487886817986407,0.11733853646500132,3.64,5.0,1.04,2.1,2.0163,94694,O:SPY231024C00422000,0.3938902253827942,0.07290459117672045,36.98283125768437,10.190578194508861,0.19924852527356338,1.33,3.5,0.9,1.45,1.9778,76990,420.46,1.5400000000000205
54,2023-10-23,418.0,O:SPY231024P00418000,-0.2615101353244994,0.08085494329161602,1.3007599203414628,8.616935804097084,0.1519138776780382,1.65,2.52,0.31,0.64,1.0954,71551,O:SPY231024C00418000,0.6558182682231946,0.056770855560117905,58.66101052008507,9.749976836570932,0.2448100899648171,3.3,6.76,2.43,4.05,3.3285,7159,420.46,2.4599999999999795
55,2023-10-23,423.0,O:SPY231024P00423000,-0.8313124714290214,0.0989523881877064,1.7473195560665378,6.669240394606487,0.09607297970531799,4.28,5.66,1.36,2.68,2.3236,51600,O:SPY231024C00423000,0.3198702975207206,0.06923474799322271,31.909707188365,9.470251639621178,0.19497932929230802,0.99,2.82,0.68,1.04,1.6049,115263,420.46,2.5400000000000205
56,2023-10-23,417.0,O:SPY231024P00417000,-0.19243653277340533,0.06642241569695953,0.9996628489982329,7.2438800074705405,0.1554560936145603,1.31,2.05,0.22,0.44,0.8304,38612,O:SPY231024C00417000,0.70849231502274,0.05219427029520959,59.10797566434596,9.088443931419405,0.2482091977426579,3.79,7.35,2.96,4.77,4.0879,2219,420.46,3.4599999999999795
57,2023-10-23,424.0,O:SPY231024P00424000,-0.9976869731388506,0.005955183621876758,0.6139757646232304,0.1915966117664144,0.04586103338598612,5.02,6.46,1.75,3.33,2.4838,35246,O:SPY231024C00424000,0.2447165912100367,0.06363073507505292,25.11359942841267,8.321231020908659,0.18641111662534762,0.74,2.21,0.48,0.7,1.2867,67718,420.46,3.5400000000000205
58,2023-10-23,416.0,O:SPY231024P00416000,-0.14195166415998062,0.05246430054615708,0.7957506554277876,5.950894629806644,0.16168492966750317,1.01,1.65,0.15,0.31,0.6425,31970,O:SPY231024C00416000,0.7351862798620623,0.04443439700685304,69.41982062432658,8.672378692430588,0.27820831863680395,4.85,7.55,3.67,5.74,4.9204,705,420.46,4.4599999999999795
59,2023-10-23,425.0,O:SPY231024P00425000,-0.8484670678954306,0.05481479854110731,4.902591120715261,6.217505749175606,0.16168492966750317,5.76,7.32,2.22,4.0,3.5308,9096,O:SPY231024C00425000,0.18222575250445722,0.054451222863718396,19.92760003475954,7.003769102079442,0.18334765140937856,0.51,1.68,0.33,0.46,0.9067,69056,420.46,4.5400000000000205
60,2023-10-24,424.0,O:SPY231025P00424000,-0.5276403582831878,0.10291841569242328,2.4312734592595113,10.620683397782022,0.1449060425654827,2.86,4.0,1.02,1.69,2.1876,61377,O:SPY231025C00424000,0.47656330735418884,0.08925281520107547,31.553705204395484,10.627869598106546,0.167205831111785,1.56,2.56,0.83,1.64,1.7265,112014,423.63,0.37000000000000455
61,2023-10-24,423.0,O:SPY231025P00423000,-0.4271230285120572,0.09826516059137451,2.0874080785250744,10.468113910849942,0.14958773864959063,2.36,3.31,0.73,1.26,1.897,85201,O:SPY231025C00423000,0.5633230658415334,0.08485437035892808,35.470518606207,10.511850102364448,0.17395305860984422,2.06,3.25,1.14,2.23,2.0639,93190,423.63,0.6299999999999955
62,2023-10-24,425.0,O:SPY231025P00425000,-0.6338361192590064,0.10153485867981536,2.6996488765662523,10.041382896963162,0.13886905638087915,3.47,4.73,1.4,2.21,2.6219,23570,O:SPY231025C00425000,0.3858344047569912,0.08799249280769042,27.344661523006128,10.207282641795203,0.16288895779829773,1.17,2.46,0.57,1.17,1.2921,96843,423.63,1.3700000000000045
63,2023-10-24,422.0,O:SPY231025P00422000,-0.33617755947712524,0.08881779826885784,1.7328875013167453,9.735485951107933,0.15391635024667713,1.87,2.7,0.5,0.92,1.6065,119062,O:SPY231025C00422000,0.6422977344925832,0.07803151301702364,37.99960117214893,9.961603948738118,0.17926122857551294,2.61,4.0,1.53,2.88,2.3087,53101,423.63,1.6299999999999955
64,2023-10-24,426.0,O:SPY231025P00426000,-0.7369080924861066,0.09135261070125203,2.9396725741613725,8.708759808577879,0.13386359210572468,3.95,5.53,1.88,2.85,3.4464,5373,O:SPY231025C00426000,0.295474781912347,0.08216948173498757,22.16560119223569,9.214473572479989,0.15746611268062027,0.87,1.52,0.39,0.78,1.0156,70175,423.63,2.3700000000000045
65,2023-10-24,421.0,O:SPY231025P00421000,-0.2549726771923351,0.07714102612948512,1.3459267654896552,8.568714645075731,0.15597586182772852,1.49,2.17,0.34,0.64,1.2741,63954,O:SPY231025C00421000,0.6892173045039632,0.06318730230669763,46.85976907283188,9.425045742781862,0.20945019921920713,3.2,4.84,1.99,3.84,2.8298,23763,423.63,2.6299999999999955
66,2023-10-24,427.0,O:SPY231025P00427000,-0.910589906281922,0.06652664404072836,1.7673319462141492,4.312450517312816,0.09102394086441185,4.88,6.2,2.58,3.37,4.0096,3175,O:SPY231025C00427000,0.2145434708783457,0.07094713459404806,17.25561454576574,7.787816901638399,0.15413738889407483,0.59,1.11,0.26,0.5,0.6561,36041,423.63,3.3700000000000045
67,2023-10-24,420.0,O:SPY231025P00420000,-0.18886109583492244,0.06357906954288733,1.0379311321766331,7.214957263776753,0.15934803795638863,1.17,1.71,0.22,0.44,0.9406,89452,O:SPY231025C00420000,0.7350635458922626,0.054539746320050576,51.097727882270945,8.739821049743535,0.22501763309275558,3.89,5.71,2.55,4.7,3.6331,13412,423.63,3.6299999999999955
68,2023-10-24,428.0,O:SPY231025P00428000,-0.9999999867755532,9.894878623754099e-08,0.3888763170523468,2.023272513834126e-06,0.028712501817546403,5.54,7.08,3.42,4.13,4.3926,3255,O:SPY231025C00428000,0.14574364472951495,0.05684037064503519,12.515362570070256,6.103349837981929,0.1507781769834761,0.4,0.77,0.17,0.3,0.3994,32354,423.63,4.3700000000000045
69,2023-10-24,419.0,O:SPY231025P00419000,-0.13683035707288754,0.0503740791277281,0.7852649864719399,5.847737576215078,0.16300761011722237,0.94,1.32,0.15,0.3,0.7388,31698,O:SPY231025C00419000,0.7954983501645247,0.04901536979604401,46.94856731706689,7.5712586421366135,0.21690168416219738,4.76,6.25,3.18,5.4,4.7327,3547,423.63,4.6299999999999955
70,2023-10-25,418.0,O:SPY231026P00418000,-0.536330489630653,0.1037100773253899,2.4609589145767785,10.44990736938211,0.145638114407307,0.69,2.56,0.01,1.72,1.6711,96465,O:SPY231026C00418000,0.47647268049025593,0.07130736010977927,44.08244244167257,10.475196460521532,0.21233001135075638,4.82,4.82,1.68,2.05,2.0893,57261,417.55,0.44999999999998863
71,2023-10-25,417.0,O:SPY231026P00417000,-0.4363918441251929,0.09655982859917524,2.257401458583786,10.359784468250375,0.1550735748817214,0.51,2.05,0.51,1.33,1.4344,74941,O:SPY231026C00417000,0.5481076841272406,0.0714538991203332,45.5372496961523,10.417061719372802,0.21071859870338713,5.49,5.96,2.18,2.54,2.6122,26350,417.55,0.5500000000000114
72,2023-10-25,419.0,O:SPY231026P00419000,-0.6487721864060794,0.10496850620077355,2.5538438218888686,9.755061375957261,0.13432429012646585,0.93,3.14,0.01,2.2,2.0099,57958,O:SPY231026C00419000,0.40358192414825134,0.0711127920546293,39.46032982984943,10.185469210015684,0.20702217862017225,3.94,3.94,1.26,1.56,1.8843,52648,417.55,1.4499999999999886
73,2023-10-25,416.0,O:SPY231026P00416000,-0.34742980731605455,0.08744429035917961,1.9204510343532961,9.716386744207758,0.16060420054877633,0.36,1.6,0.33,0.99,1.082,51067,O:SPY231026C00416000,0.6077867720465838,0.06253910563564062,54.20122462274328,10.108078880102386,0.2336148904418878,5.96,6.05,2.78,3.35,3.432,6050,417.55,1.5500000000000114
74,2023-10-25,420.0,O:SPY231026P00420000,-0.7644458405039853,0.09447199167055553,2.5878641566395846,8.09351895894274,0.12382772152404214,1.26,3.8,1.26,2.8,2.2231,62695,O:SPY231026C00420000,0.3282788303687747,0.0690524297176691,33.21885320778594,9.505638531442054,0.19896921920577088,3.31,3.31,0.91,1.11,1.6677,111399,417.55,2.4499999999999886
75,2023-10-25,415.0,O:SPY231026P00415000,-0.2659144993995882,0.07705282865247821,1.4897106267522044,8.630508349784336,0.1618942243062677,0.26,1.24,0.24,0.69,0.7706,38011,O:SPY231026C00415000,0.6654580095193219,0.05789601416922527,56.129642368021265,9.5774701174681,0.23910337396981116,6.8,7.42,3.45,4.04,4.1144,2159,417.55,2.5500000000000114
76,2023-10-25,421.0,O:SPY231026P00421000,-0.8977609918780883,0.06766376054500349,2.056950647148934,4.69126459623697,0.10021145377739848,1.59,4.51,1.59,3.43,2.5889,31928,O:SPY231026C00421000,0.2602289801201715,0.06279572965299042,28.246726752039862,8.535708568631208,0.19646854658820365,2.71,2.71,0.63,0.81,1.5511,75194,417.55,3.4499999999999886
77,2023-10-25,414.0,O:SPY231026P00414000,-0.19544933757775462,0.06454784458021467,1.1023656178650763,7.262171381595504,0.16261788704836497,0.18,0.94,0.18,0.46,0.5506,23130,O:SPY231026C00414000,0.7347308503419796,0.05570897926857335,49.94418161586907,8.619878757262866,0.2236451687777036,8.78,8.78,4.18,4.6,4.9335,981,417.55,3.5500000000000114
78,2023-10-25,422.0,O:SPY231026P00422000,-0.9988975336419983,0.002596474407702745,0.8245622151733762,0.09685414993144115,0.053916010870532445,2.06,5.3,2.05,4.18,3.114,21118,O:SPY231026C00422000,0.19334190163050413,0.055038398603766886,21.773517767946036,7.214399102314235,0.18946017733805717,2.16,2.16,0.41,0.5,1.2139,78957,417.55,4.449999999999989
79,2023-10-25,413.0,O:SPY231026P00413000,-0.142961937473979,0.051466317188669994,0.8462071219589502,5.938124732125991,0.16676687409038254,0.11,0.7,0.01,0.32,0.4278,34603,O:SPY231026C00413000,0.754686814682739,0.04600189385551634,61.359252729094564,8.274471659392757,0.2599849007474176,7.49,8.43,4.91,5.68,5.768,430,417.55,4.550000000000011
80,2023-10-26,413.0,O:SPY231027P00413000,-0.5411112404995967,0.11582801439199678,2.017710581451057,10.312695802885232,0.1318274811044467,1.08,2.81,0.88,1.56,1.7827,115643,O:SPY231027C00413000,0.4773230121357629,0.06913223766296216,46.628882092563366,10.351040441283592,0.22169237138840664,4.75,5.27,1.45,2.12,2.2785,74266,412.55,0.44999999999998863
81,2023-10-26,412.0,O:SPY231027P00412000,-0.43035008649538475,0.1062563488296249,1.855576575223898,10.209383027506151,0.14226300135552272,0.84,2.37,0.65,1.18,1.3946,106156,O:SPY231027C00412000,0.5443565483161229,0.06525186524985614,52.71220432837538,10.303644128508617,0.2338004149687063,5.7,6.08,1.95,2.75,2.8241,34682,412.55,0.5500000000000114
82,2023-10-26,414.0,O:SPY231027P00414000,-0.6688196272136451,0.11696173855247806,2.066006784950339,9.425040622789144,0.11931272740128729,1.39,3.43,1.15,2.04,2.0363,130862,O:SPY231027C00414000,0.4062912448157116,0.0692721925401197,41.67235911348349,10.080442194847146,0.21546067083683831,3.96,4.52,1.05,1.62,2.0936,101741,412.55,1.4499999999999886
83,2023-10-26,411.0,O:SPY231027P00411000,-0.3345177245273381,0.09416573287706864,1.570489522896401,9.462514056276921,0.14878563564415898,0.64,1.91,0.47,0.86,1.0358,62014,O:SPY231027C00411000,0.6033483270877872,0.05994745633797876,58.531232609307395,10.017926954986557,0.24743119838959848,6.35,6.35,2.5,3.46,3.6113,7573,412.55,1.5500000000000114
84,2023-10-26,415.0,O:SPY231027P00415000,-0.8253154751946834,0.10239248886196149,1.7240864875595587,6.691449862300817,0.09676080806135409,1.72,4.08,1.48,2.6,2.2988,132702,O:SPY231027C00415000,0.3324797251939242,0.0676314799703738,35.127753679497424,9.439725097228575,0.2066606608123473,3.29,3.87,0.75,1.17,1.79,122911,412.55,2.4499999999999886
85,2023-10-26,410.0,O:SPY231027P00410000,-0.2532174130025311,0.0799348905432431,1.2693756736242787,8.314418411021208,0.15400784688654937,0.48,1.37,0.33,0.61,0.7559,153255,O:SPY231027C00410000,0.6517780504183345,0.05346476211177607,65.60608235134475,9.608090084354224,0.26608278982581857,7.3,7.58,3.1,4.27,4.5708,5355,412.55,2.5500000000000114
86,2023-10-26,416.0,O:SPY231027P00416000,-0.9949791785928007,0.011147351904000125,0.6835872907236507,0.3771762187581102,0.05009794929882596,2.17,4.87,1.85,3.26,2.5635,65797,O:SPY231027C00416000,0.26396984077696933,0.06214007480882658,29.56460008494327,8.495414087189697,0.2024231311628052,2.72,3.24,0.53,0.84,1.5603,100455,412.55,3.4499999999999886
87,2023-10-26,409.0,O:SPY231027P00409000,-0.18652130428229918,0.06515924323172284,0.9869008233305561,6.972349084806497,0.1584347522207513,0.37,1.05,0.24,0.42,0.5647,45386,O:SPY231027C00409000,0.7004311132254335,0.049262809447432866,66.74634394736577,9.030025450520244,0.27140457007149316,8.65,8.65,3.81,5.01,4.7569,1650,412.55,3.5500000000000114
88,2023-10-26,417.0,O:SPY231027P00417000,-0.8531667395896894,0.05582481420256315,4.6514209205391435,5.973520760984481,0.1584347522207513,2.66,5.56,2.28,4.0,3.2319,34117,O:SPY231027C00417000,0.20087537878174605,0.05458025139895267,23.734833315589725,7.294819350413497,0.19789114785816178,2.2,2.67,0.35,0.58,1.3183,104315,412.55,4.449999999999989
89,2023-10-26,408.0,O:SPY231027P00408000,-0.13686427733465256,0.05126463944391609,0.778904291387136,5.695755502403698,0.16450563882850788,0.27,0.78,0.17,0.29,0.4191,37817,O:SPY231027C00408000,0.7372486733571199,0.04382745932215323,71.15796601304748,8.475368260960025,0.2863252444999249,8.5,8.63,4.54,5.83,5.9183,2206,412.55,4.550000000000011
90,2023-10-27,411.0,O:SPY231030P00411000,-0.5162443235237665,0.07844790629427649,4.196854336884996,10.312242582477813,0.1964107245047498,1.23,3.22,0.95,2.15,2.045,59256,O:SPY231030C00411000,0.4836347280858498,0.07889547412608496,38.40165173383321,10.312114665059472,0.19529407934150964,4.89,4.89,1.36,1.9,2.1008,61548,410.68,0.3199999999999932
91,2023-10-27,410.0,O:SPY231030P00410000,-0.4388495786391643,0.07636147854349211,3.6739419651873693,10.199316457570369,0.19956766329726172,1.02,2.67,0.73,1.7,1.7457,127210,O:SPY231030C00410000,0.5620234592156151,0.0775308497835647,40.6743310626717,10.195815788338926,0.19649018894618442,5.37,5.4,1.8,2.43,2.4755,48406,410.68,0.6800000000000068
92,2023-10-27,412.0,O:SPY231030P00412000,-0.5956487586402138,0.07776176309867656,4.669712106487658,10.022724645401825,0.1925808655921512,1.62,3.85,1.24,2.67,2.1543,88969,O:SPY231030C00412000,0.40374223145367466,0.0782128669016676,34.37872878525755,10.018897889879156,0.1913970233266593,4.22,4.22,1.01,1.42,1.9413,63713,410.68,1.3199999999999932
93,2023-10-27,409.0,O:SPY231030P00409000,-0.3648605018456822,0.0722217858304229,3.0968040878890806,9.722835232920518,0.20114912009131306,0.75,2.18,0.55,1.31,1.4581,69104,O:SPY231030C00409000,0.635852994045971,0.0725860629259646,42.61410374933459,9.716440381426176,0.20000800753572348,6.22,6.22,2.3,3.06,2.8961,15709,410.68,1.6800000000000068
94,2023-10-27,413.0,O:SPY231030P00413000,-0.6706000030726884,0.07257849016581101,5.280608367394423,9.362093847324354,0.19273407103806975,1.96,4.5,1.57,3.3,2.4147,61266,O:SPY231030C00413000,0.3252742423079621,0.07402804352630123,29.72763897836566,9.314353373270873,0.18799654715800063,3.32,3.41,0.7,1.02,1.7768,78073,410.68,2.319999999999993
95,2023-10-27,408.0,O:SPY231030P00408000,-0.29636508844285275,0.06596433208991764,2.5477007228092927,8.945144572616652,0.20261501624707087,0.62,1.74,0.41,0.99,1.0861,44779,O:SPY231030C00408000,0.7047148249594788,0.06624804010353486,42.97607006819424,8.930157441733794,0.2014092977711169,6.87,6.88,2.95,3.74,3.6261,3115,410.68,2.680000000000007
96,2023-10-27,414.0,O:SPY231030P00414000,-0.7446082107222957,0.06611716777350782,5.596185605280493,8.313913866558066,0.1878818004231853,2.43,5.16,1.98,3.96,2.7915,42867,O:SPY231030C00414000,0.25348925104921316,0.0664421892397166,25.06870833173587,8.28140039020172,0.18623156064904003,2.73,2.86,0.48,0.71,1.4698,93203,410.68,3.319999999999993
97,2023-10-27,407.0,O:SPY231030P00407000,-0.23424892434869604,0.05834000791775905,2.0232542765472057,7.935948561132157,0.20324777244882586,0.48,1.39,0.31,0.73,0.8177,39571,O:SPY231030C00407000,0.7645449799500934,0.05818326101649842,42.97421176259647,7.958506535781769,0.20437461538991522,7.32,7.45,3.64,4.5,4.9889,1819,410.68,3.680000000000007
98,2023-10-27,415.0,O:SPY231030P00415000,-0.8142679790330876,0.057087143140866554,5.724402949638057,6.922525786687221,0.18118394289695572,2.92,6.1,2.47,4.69,3.5219,13602,O:SPY231030C00415000,0.19213734544321687,0.0567669923721096,20.700750676906523,7.068655615282749,0.18605201262931673,2.27,2.34,0.32,0.48,1.2014,85563,410.68,4.319999999999993
99,2023-10-27,406.0,O:SPY231030P00406000,-0.17997330981659482,0.049811165456291114,1.5578974425784184,6.7877635076989185,0.203607341559796,0.35,1.08,0.24,0.53,0.6498,32716,O:SPY231030C00406000,0.8217266507410881,0.04987112387587256,40.876536728852244,6.747359737262195,0.20215204727277328,8.63,8.63,4.27,5.28,6.3901,7168,410.68,4.680000000000007
100,2023-10-30,416.0,O:SPY231031P00416000,-0.5312589015650715,0.1010513845238593,2.5820248224611895,10.412115831659744,0.15033741745375018,3.53,4.31,1.31,1.74,1.8222,60258,O:SPY231031C00416000,0.4689076680597664,0.10057336321398062,26.86438419963995,10.41245695258429,0.15105691414355896,1.26,2.04,0.7,1.42,1.4382,96395,415.59,0.410000000000025
101,2023-10-30,415.0,O:SPY231031P00415000,-0.43125394868676353,0.09834174295081648,2.15209759974414,10.288739176086159,0.15264923054824842,2.96,3.75,0.97,1.28,1.7532,85513,O:SPY231031C00415000,0.5676360817657743,0.09669008789985427,30.189348691972295,10.293730605117105,0.15533209728231198,1.6,2.68,0.99,1.98,1.8369,91702,415.59,0.589999999999975
102,2023-10-30,417.0,O:SPY231031P00417000,-0.6312683564012707,0.09673870011841737,3.0244897712100567,9.873572476059092,0.1489170532447593,3.99,4.98,1.77,2.31,2.2597,13650,O:SPY231031C00417000,0.3702648989312282,0.09572786023317315,23.53566544115766,9.886946489552377,0.15069338731753315,0.9,1.49,0.46,1.0,1.0979,69491,415.59,1.410000000000025
103,2023-10-30,414.0,O:SPY231031P00414000,-0.3374503047286072,0.09039816490350205,1.7166117123704003,9.564751433213578,0.15437765394547331,2.44,3.12,0.69,0.91,1.6743,96248,O:SPY231031C00414000,0.6648327584538367,0.09153617206830683,30.776492027383604,9.539495111059558,0.15205580538810395,2.09,3.4,1.38,2.56,2.1896,87043,415.59,1.589999999999975
104,2023-10-30,418.0,O:SPY231031P00418000,-0.7212967439818941,0.08559792091370337,3.5168439318380145,8.792849325664395,0.14987761646963543,4.88,5.63,2.32,3.0,3.763,3109,O:SPY231031C00418000,0.2752369710402648,0.08655259503914169,18.87688716800826,8.739139403834136,0.14731905912435792,0.63,1.1,0.3,0.65,0.7407,44806,415.59,2.410000000000025
105,2023-10-30,413.0,O:SPY231031P00413000,-0.2581437138175833,0.0776485609647713,1.388205618003556,8.460383128501253,0.1589743221639242,1.97,2.55,0.49,0.65,1.4907,118079,O:SPY231031C00413000,0.7421634033130534,0.07771606133429673,32.56394289521275,8.455160559534953,0.1587381957091812,2.58,4.21,1.83,3.32,2.4837,47648,415.59,2.589999999999975
106,2023-10-30,419.0,O:SPY231031P00419000,-0.7880416601132287,0.07036153273014435,4.243303270551021,7.586196115580594,0.15731101645523018,5.51,6.59,2.98,3.82,4.4156,952,O:SPY231031C00419000,0.19448702658749345,0.07194663273975205,14.58057562256487,7.206423118460358,0.1461435483698768,0.43,0.78,0.18,0.41,0.4868,29029,415.59,3.410000000000025
107,2023-10-30,412.0,O:SPY231031P00412000,-0.1899504943340285,0.06422435270064036,1.0500028118560025,7.103126095167873,0.16136901625294736,1.55,2.05,0.33,0.44,1.1811,84117,O:SPY231031C00412000,0.8126774866109318,0.06438872073497096,32.280819039824365,7.042380330332564,0.15958058105447054,3.17,5.0,2.36,4.1,3.0402,19210,415.59,3.589999999999975
108,2023-10-30,420.0,O:SPY231031P00420000,-0.8767493336123853,0.05509087338293,3.8665052770416946,5.336307730773745,0.14132909293975077,6.37,7.58,3.72,4.55,5.5107,2360,O:SPY231031C00420000,0.13097647312628735,0.05564600580741165,10.76138054668674,5.566925365931185,0.14596601953410998,0.29,0.53,0.11,0.25,0.3075,53441,415.59,4.410000000000025
109,2023-10-30,411.0,O:SPY231031P00411000,-0.1361120001201142,0.0507877876031572,0.777586348788526,5.71613672215305,0.1642153219858703,1.25,1.62,0.22,0.29,0.8658,56211,O:SPY231031C00411000,0.8673222902730486,0.05063237879191903,31.76586439037959,5.616709755624815,0.16185421486081075,3.9,5.88,2.98,4.95,4.4046,8073,415.59,4.589999999999975
110,2023-10-31,418.0,O:SPY231101P00418000,-0.47681234698051644,0.07260734303614852,4.42484198777744,10.492027401358655,0.20821468454848105,3.41,4.65,1.61,2.05,2.0976,39367,O:SPY231101C00418000,0.5304655580925313,0.10080260097478658,28.307628008364624,10.47912473264402,0.14979101216559776,1.62,2.22,0.94,1.72,1.6847,68620,418.2,0.19999999999998863
111,2023-10-31,419.0,O:SPY231101P00419000,-0.548568105480627,0.07115061723057094,5.249255040498307,10.431804682516109,0.2112580461969847,4.32,5.32,2.1,2.6,2.6412,10239,O:SPY231101C00419000,0.43152801719752953,0.09730259106651235,26.418364827234356,10.354602682451414,0.1533350777624044,1.25,1.7,0.69,1.28,1.2626,40028,418.2,0.8000000000000114
112,2023-10-31,417.0,O:SPY231101P00417000,-0.40341813935456367,0.07174758503341024,3.618280724376464,10.200270839108951,0.20485043925682847,2.86,3.97,1.23,1.57,1.8899,54530,O:SPY231101C00417000,0.6350628577218302,0.09970095252871626,28.660684608379025,9.901568341424703,0.14309918676107217,2.06,2.84,1.27,2.23,2.0541,71200,418.2,1.1999999999999886
113,2023-10-31,420.0,O:SPY231101P00420000,-0.6150254232720974,0.06677690334792963,6.234049278154951,10.069849104373905,0.21728471211004025,4.69,6.87,2.68,3.25,3.8175,2444,O:SPY231101C00420000,0.3387343081491241,0.0898691413537011,23.232563059820414,9.63894851936312,0.15454378775848307,0.93,1.3,0.49,0.91,0.8207,83684,418.2,1.8000000000000114
114,2023-10-31,416.0,O:SPY231101P00416000,-0.33120597934409546,0.06817281780027586,2.882657701667876,9.554414009367763,0.2019413683769096,2.34,3.3,0.9,1.17,1.8949,78995,O:SPY231101C00416000,0.7395309043592792,0.09044547906220347,28.196671066250154,8.553058867001596,0.136259591147981,2.56,3.5,1.65,2.85,2.4102,65111,418.2,2.1999999999999886
115,2023-10-31,421.0,O:SPY231101P00421000,-0.6764250725112844,0.061656775610792115,7.116384207156909,9.464524201400533,0.22118234627366962,5.88,6.95,3.33,3.94,4.3078,611,O:SPY231101C00421000,0.25467266225207785,0.07877819575250773,19.300341900225636,8.453671092298373,0.15462218301549974,0.69,0.88,0.33,0.62,0.6358,21709,418.2,2.8000000000000114
116,2023-10-31,415.0,O:SPY231101P00415000,-0.26339404488082496,0.062092989964275556,2.236898054819494,8.602174172991324,0.19961728414936944,1.9,2.77,0.64,0.85,1.6752,95532,O:SPY231101C00415000,0.8528996865139349,0.07299321065929461,25.683090403662717,6.0627137250627,0.119678759447265,3.12,4.25,2.07,3.51,2.7676,39372,418.2,3.1999999999999886
117,2023-10-31,422.0,O:SPY231101P00422000,-0.7216959908045251,0.05400384617101238,8.63760819545113,8.841893395023241,0.23591364823092367,6.2,7.87,4.02,4.79,5.1273,356,O:SPY231101C00422000,0.18201018853907958,0.0651734212189854,15.073854630672045,6.96097083856287,0.15389757574852822,0.48,0.59,0.22,0.4,0.4386,21756,418.2,3.8000000000000114
118,2023-10-31,414.0,O:SPY231101P00414000,-0.20121145897865078,0.054254887253271405,1.6552610552185807,7.402142708583113,0.19658531478481187,1.53,2.28,0.44,0.59,1.3983,64052,O:SPY231101C00414000,0.9335845378875737,0.044919404064319664,24.160288740512783,3.396531902568053,0.10895174640583319,3.72,5.05,2.58,4.31,3.4606,13973,418.2,4.199999999999989
119,2023-10-31,423.0,O:SPY231101P00423000,-0.7910845650428103,0.05005864746585776,8.121765219060652,7.5693154284344315,0.21787629231932124,7.5,8.66,4.85,5.41,6.3642,392,O:SPY231101C00423000,0.12181933527407718,0.05046953626594371,10.882161622970647,5.325989781720304,0.15205597783990274,0.33,0.39,0.14,0.24,0.2712,15060,418.2,4.800000000000011
120,2023-11-01,423.0,O:SPY231102P00423000,-0.524279722126654,0.10191433915572393,2.4705908788473856,10.602191466256171,0.14675016343604663,4.51,5.05,1.36,1.69,2.0101,22977,O:SPY231102C00423000,0.47546909541337556,0.10282744138796863,26.23103328130658,10.601782087152268,0.14544141365813934,0.95,2.02,0.69,1.42,1.4363,61425,422.66,0.339999999999975
121,2023-11-01,422.0,O:SPY231102P00422000,-0.42387435648673133,0.0985433757111346,2.058060048561252,10.427896714824877,0.1492751543503889,3.89,4.34,1.01,1.24,1.8638,38997,O:SPY231102C00422000,0.5772264357767828,0.10000569639853327,28.927824399511785,10.422228496941539,0.14701244325424898,1.26,2.65,0.98,1.96,1.8024,68467,422.66,0.660000000000025
122,2023-11-01,424.0,O:SPY231102P00424000,-0.6256927973476404,0.09822678159611196,2.8890157000432133,10.09020825486244,0.14490669745787685,5.32,5.64,1.82,2.25,2.8832,6261,O:SPY231102C00424000,0.3731036948627404,0.09907239064497436,22.540902782984944,10.079888479461607,0.14352294189925724,0.69,1.47,0.47,0.98,1.0043,46329,422.66,1.339999999999975
123,2023-11-01,421.0,O:SPY231102P00421000,-0.33249841415120984,0.08902503092970752,1.6951413799791446,9.671271621363227,0.15324619177135446,3.22,3.58,0.73,0.9,1.8686,62569,O:SPY231102C00421000,0.6710458594104083,0.09069146066325127,30.84429440373897,9.62994753130306,0.14978756735797938,1.58,3.35,1.35,2.61,2.1288,65974,422.66,1.660000000000025
124,2023-11-01,425.0,O:SPY231102P00425000,-0.721058328408894,0.08819424591292177,3.2655425041584056,8.946154925653511,0.14309168801641445,6.45,6.46,2.49,2.91,4.1506,2694,O:SPY231102C00425000,0.27515343182941676,0.08927173467392796,17.969094593611516,8.88648102442193,0.14042165504724405,0.5,1.04,0.3,0.63,0.6969,53770,422.66,2.339999999999975
125,2023-11-01,420.0,O:SPY231102P00420000,-0.250608775999012,0.07719196162512595,1.3003815872728728,8.471742919352407,0.1548171021908936,2.73,3.07,0.46,0.62,1.6369,107238,O:SPY231102C00420000,0.7515859051155129,0.07763335931391843,31.915778433994653,8.432240122005895,0.15321907266944668,2.06,4.15,1.76,3.35,2.5626,73741,422.66,2.660000000000025
126,2023-11-01,426.0,O:SPY231102P00426000,-0.7897438244942676,0.0720587779977018,3.957915525595494,7.678878750199477,0.15032428975537943,7.17,7.3,3.22,3.73,4.5794,574,O:SPY231102C00426000,0.18959673153882572,0.07385081899306958,13.384586096555276,7.215687451459139,0.1378290113195033,0.34,0.75,0.19,0.38,0.4695,35104,422.66,3.339999999999975
127,2023-11-01,419.0,O:SPY231102P00419000,-0.18585712738694016,0.06324378589218749,1.0142975052940688,7.127439913978087,0.15897687229746404,2.2,2.56,0.37,0.43,1.5251,75902,O:SPY231102C00419000,0.8060989682867636,0.06273304040870605,33.90613347829199,7.31556093641562,0.16450137753877472,2.6,5.0,2.27,4.21,3.0055,28000,422.66,3.660000000000025
128,2023-11-01,427.0,O:SPY231102P00427000,-0.940807393162044,0.043560056812589155,2.269590293774222,3.1381622342265265,0.10162608551258952,7.34,7.71,3.93,4.27,5.6749,346,O:SPY231102C00427000,0.1203208557646015,0.055743601843169906,9.12585234134573,5.3361241976560425,0.1350358696103553,0.22,0.51,0.11,0.21,0.2869,20242,422.66,4.339999999999975
129,2023-11-01,418.0,O:SPY231102P00418000,-0.12890736602969805,0.04967337754844968,0.7025699318171879,5.599561255309846,0.15901882948435908,1.81,2.1,0.25,0.27,1.1048,63553,O:SPY231102C00418000,0.8719676572510116,0.04962291732757603,31.614669277209977,5.573149861013962,0.15842972627695123,3.13,5.78,2.87,5.01,3.7815,10115,422.66,4.660000000000025
